{
	"$schema": "https://schemas.wp.org/trunk/theme.json",
	"version": 2,
	"title": "White",
	"settings": {
		"color": {
			"palette": [
				{
					"name": "Primary",
					"slug": "primary",
					"color": "#F6F3F8"
				},
				{
					"name": "Main",
					"slug": "main",
					"color": "#14111f"
				},
				{
					"name": "Secondary",
					"slug": "secondary",
					"color": "#7FB486"
				},
				{
					"name": "Main Accent",
					"slug": "main-accent",
					"color": "#d0ccde"
				},
				{
					"name": "Primary Accent-Black",
					"slug": "primary-accent-black",
					"color": "#f6f3f8"
				},
				{
					"name": "Tertiary",
					"slug": "tertiary",
					"color": "#f1f7f8"
				},
				{
					"name": "Base",
					"slug": "base",
					"color": "#7FB486"
				},
				{
					"name": "Paragraph Color",
					"slug": "paragraph-color",
					"color": "#606060"
				},
				{
					"name": "Dark Grey",
					"slug": "dark-grey-color",
					"color": "#282828"
				},
				{
					"name": "Highlight Color",
					"slug": "highlight-color",
					"color": "#8E6DAA"
				}
			]
		}
	}
}
